method,size,total_mb,chunks,streams,chunk_elems,iters,repeat,total_ms,effective_transfer_gb_s,speedup_vs_pageable_seq,speedup_vs_pinned_seq,max_abs_error,async_engine_count,concurrent_kernels,status
pageable_sequential,16777216,64.000000,2,1,8388608,16,5,48.933340,2.742869,1.000000,0.942871,0.000000,2,1,ok
pinned_sequential,16777216,64.000000,2,1,8388608,16,5,46.137820,2.909061,1.060591,1.000000,0.000000,2,1,ok
pinned_streams_1,16777216,64.000000,2,1,8388608,16,5,46.333320,2.896786,1.056116,0.995781,0.000000,2,1,ok
pinned_streams_2,16777216,64.000000,2,2,8388608,16,5,35.118640,3.821837,1.393372,1.313770,0.000000,2,1,ok
pinned_streams_4,16777216,64.000000,2,4,8388608,16,5,,,,,,,,invalid_streams_gt_chunks
pinned_streams_8,16777216,64.000000,2,8,8388608,16,5,,,,,,,,invalid_streams_gt_chunks
pageable_sequential,16777216,64.000000,4,1,4194304,16,5,50.863500,2.638783,1.000000,0.907962,0.000000,2,1,ok
pinned_sequential,16777216,64.000000,4,1,4194304,16,5,46.182140,2.906269,1.101367,1.000000,0.000000,2,1,ok
pinned_streams_1,16777216,64.000000,4,1,4194304,16,5,46.832460,2.865912,1.086074,0.986114,0.000000,2,1,ok
pinned_streams_2,16777216,64.000000,4,2,4194304,16,5,30.509240,4.399248,1.667151,1.513710,0.000000,2,1,ok
pinned_streams_4,16777216,64.000000,4,4,4194304,16,5,29.953660,4.480846,1.698073,1.541786,0.000000,2,1,ok
pinned_streams_8,16777216,64.000000,4,8,4194304,16,5,,,,,,,,invalid_streams_gt_chunks
pageable_sequential,16777216,64.000000,8,1,2097152,16,5,51.928380,2.584670,1.000000,0.925723,0.000000,2,1,ok
pinned_sequential,16777216,64.000000,8,1,2097152,16,5,48.071300,2.792055,1.080237,1.000000,0.000000,2,1,ok
pinned_streams_1,16777216,64.000000,8,1,2097152,16,5,48.568540,2.763471,1.069177,0.989762,0.000000,2,1,ok
pinned_streams_2,16777216,64.000000,8,2,2097152,16,5,28.924920,4.640211,1.795282,1.661934,0.000000,2,1,ok
pinned_streams_4,16777216,64.000000,8,4,2097152,16,5,27.115980,4.949765,1.915047,1.772803,0.000000,2,1,ok
pinned_streams_8,16777216,64.000000,8,8,2097152,16,5,27.169320,4.940047,1.911287,1.769323,0.000000,2,1,ok
pageable_sequential,16777216,64.000000,16,1,1048576,16,5,57.543240,2.332467,1.000000,0.893385,0.000000,2,1,ok
pinned_sequential,16777216,64.000000,16,1,1048576,16,5,51.408280,2.610819,1.119338,1.000000,0.000000,2,1,ok
pinned_streams_1,16777216,64.000000,16,1,1048576,16,5,50.958080,2.633885,1.129227,1.008835,0.000000,2,1,ok
pinned_streams_2,16777216,64.000000,16,2,1048576,16,5,28.753820,4.667822,2.001238,1.787877,0.000000,2,1,ok
pinned_streams_4,16777216,64.000000,16,4,1048576,16,5,26.036360,5.155011,2.210111,1.974480,0.000000,2,1,ok
pinned_streams_8,16777216,64.000000,16,8,1048576,16,5,25.980220,5.166151,2.214887,1.978747,0.000000,2,1,ok
pageable_sequential,16777216,64.000000,2,1,8388608,64,5,48.967560,2.740952,1.000000,0.948301,0.000000,2,1,ok
pinned_sequential,16777216,64.000000,2,1,8388608,64,5,46.435980,2.890382,1.054518,1.000000,0.000000,2,1,ok
pinned_streams_1,16777216,64.000000,2,1,8388608,64,5,46.240100,2.902626,1.058985,1.004236,0.000000,2,1,ok
pinned_streams_2,16777216,64.000000,2,2,8388608,64,5,35.831400,3.745813,1.366610,1.295958,0.000000,2,1,ok
pinned_streams_4,16777216,64.000000,2,4,8388608,64,5,,,,,,,,invalid_streams_gt_chunks
pinned_streams_8,16777216,64.000000,2,8,8388608,64,5,,,,,,,,invalid_streams_gt_chunks
pageable_sequential,16777216,64.000000,4,1,4194304,64,5,50.088760,2.679598,1.000000,0.943799,0.000000,2,1,ok
pinned_sequential,16777216,64.000000,4,1,4194304,64,5,47.273740,2.839160,1.059547,1.000000,0.000000,2,1,ok
pinned_streams_1,16777216,64.000000,4,1,4194304,64,5,47.095800,2.849887,1.063550,1.003778,0.000000,2,1,ok
pinned_streams_2,16777216,64.000000,4,2,4194304,64,5,30.594060,4.387052,1.637205,1.545193,0.000000,2,1,ok
pinned_streams_4,16777216,64.000000,4,4,4194304,64,5,29.639860,4.528285,1.689912,1.594938,0.000000,2,1,ok
pinned_streams_8,16777216,64.000000,4,8,4194304,64,5,,,,,,,,invalid_streams_gt_chunks
pageable_sequential,16777216,64.000000,8,1,2097152,64,5,52.796420,2.542175,1.000000,0.915863,0.000000,2,1,ok
pinned_sequential,16777216,64.000000,8,1,2097152,64,5,48.354300,2.775714,1.091866,1.000000,0.000000,2,1,ok
pinned_streams_1,16777216,64.000000,8,1,2097152,64,5,48.396240,2.773309,1.090920,0.999133,0.000000,2,1,ok
pinned_streams_2,16777216,64.000000,8,2,2097152,64,5,28.754400,4.667728,1.836116,1.681631,0.000000,2,1,ok
pinned_streams_4,16777216,64.000000,8,4,2097152,64,5,27.090820,4.954362,1.948868,1.784896,0.000000,2,1,ok
pinned_streams_8,16777216,64.000000,8,8,2097152,64,5,27.243160,4.926658,1.937970,1.774915,0.000000,2,1,ok
pageable_sequential,16777216,64.000000,16,1,1048576,64,5,56.911560,2.358356,1.000000,0.896466,0.000000,2,1,ok
pinned_sequential,16777216,64.000000,16,1,1048576,64,5,51.019280,2.630726,1.115491,1.000000,0.000000,2,1,ok
pinned_streams_1,16777216,64.000000,16,1,1048576,64,5,50.863160,2.638800,1.118915,1.003069,0.000000,2,1,ok
pinned_streams_2,16777216,64.000000,16,2,1048576,64,5,27.981600,4.796642,2.033892,1.823315,0.000000,2,1,ok
pinned_streams_4,16777216,64.000000,16,4,1048576,64,5,25.942120,5.173738,2.193790,1.966658,0.000000,2,1,ok
pinned_streams_8,16777216,64.000000,16,8,1048576,64,5,25.915060,5.179140,2.196081,1.968712,0.000000,2,1,ok
pageable_sequential,16777216,64.000000,2,1,8388608,256,5,53.019720,2.531468,1.000000,0.954637,0.000000,2,1,ok
pinned_sequential,16777216,64.000000,2,1,8388608,256,5,50.614560,2.651761,1.047519,1.000000,0.000000,2,1,ok
pinned_streams_1,16777216,64.000000,2,1,8388608,256,5,50.590700,2.653012,1.048013,1.000472,0.000000,2,1,ok
pinned_streams_2,16777216,64.000000,2,2,8388608,256,5,36.692520,3.657904,1.444974,1.379424,0.000000,2,1,ok
pinned_streams_4,16777216,64.000000,2,4,8388608,256,5,,,,,,,,invalid_streams_gt_chunks
pinned_streams_8,16777216,64.000000,2,8,8388608,256,5,,,,,,,,invalid_streams_gt_chunks
pageable_sequential,16777216,64.000000,4,1,4194304,256,5,54.216340,2.475596,1.000000,0.942688,0.000000,2,1,ok
pinned_sequential,16777216,64.000000,4,1,4194304,256,5,51.109120,2.626101,1.060796,1.000000,0.000000,2,1,ok
pinned_streams_1,16777216,64.000000,4,1,4194304,256,5,50.707280,2.646912,1.069202,1.007925,0.000000,2,1,ok
pinned_streams_2,16777216,64.000000,4,2,4194304,256,5,32.267960,4.159474,1.680191,1.583897,0.000000,2,1,ok
pinned_streams_4,16777216,64.000000,4,4,4194304,256,5,30.737320,4.366605,1.763860,1.662771,0.000000,2,1,ok
pinned_streams_8,16777216,64.000000,4,8,4194304,256,5,,,,,,,,invalid_streams_gt_chunks
pageable_sequential,16777216,64.000000,8,1,2097152,256,5,57.121060,2.349707,1.000000,0.933554,0.000000,2,1,ok
pinned_sequential,16777216,64.000000,8,1,2097152,256,5,53.325620,2.516946,1.071175,1.000000,0.000000,2,1,ok
pinned_streams_1,16777216,64.000000,8,1,2097152,256,5,52.347760,2.563963,1.091184,1.018680,0.000000,2,1,ok
pinned_streams_2,16777216,64.000000,8,2,2097152,256,5,30.664740,4.376940,1.862760,1.738988,0.000000,2,1,ok
pinned_streams_4,16777216,64.000000,8,4,2097152,256,5,27.554760,4.870945,2.073002,1.935260,0.000000,2,1,ok
pinned_streams_8,16777216,64.000000,8,8,2097152,256,5,27.737280,4.838893,2.059361,1.922525,0.000000,2,1,ok
pageable_sequential,16777216,64.000000,16,1,1048576,256,5,61.530380,2.181325,1.000000,0.908663,0.000000,2,1,ok
pinned_sequential,16777216,64.000000,16,1,1048576,256,5,55.910360,2.400588,1.100518,1.000000,0.000000,2,1,ok
pinned_streams_1,16777216,64.000000,16,1,1048576,256,5,56.311020,2.383507,1.092688,0.992885,0.000000,2,1,ok
pinned_streams_2,16777216,64.000000,16,2,1048576,256,5,31.108720,4.314473,1.977914,1.797257,0.000000,2,1,ok
pinned_streams_4,16777216,64.000000,16,4,1048576,256,5,26.150640,5.132483,2.352921,2.138011,0.000000,2,1,ok
pinned_streams_8,16777216,64.000000,16,8,1048576,256,5,26.213140,5.120246,2.347311,2.132913,0.000000,2,1,ok
